{"cameraMode":{"drawMode":0,"name":"Shaded","section":"Shading Mode"},"sceneLighting":false,"audioPlay":false,"sceneViewState":{"m_AlwaysRefresh":false,"showFog":true,"showSkybox":false,"showFlares":true,"showImageEffects":true,"showParticleSystems":true,"showVisualEffectGraphs":true,"m_FxEnabled":true},"in2DMode":false,"pivot":{"x":0.00020831823348999023,"y":0.0005951374769210815,"z":-0.004637613892555237},"rotation":{"x":0.27755096554756167,"y":-0.18051759898662568,"z":0.053184881806373599,"w":0.9421147108078003},"size":0.8660257458686829,"orthographic":true}