{"cameraMode":{"drawMode":0,"name":"Shaded","section":"Shading Mode"},"sceneLighting":false,"audioPlay":false,"sceneViewState":{"m_AlwaysRefresh":false,"showFog":true,"showSkybox":false,"showFlares":true,"showImageEffects":true,"showParticleSystems":true,"showVisualEffectGraphs":true,"m_FxEnabled":true},"in2DMode":false,"pivot":{"x":-0.0630197525024414,"y":1.4363950490951539,"z":0.7909402847290039},"rotation":{"x":0.11894089728593826,"y":0.8801825046539307,"z":-0.34525778889656069,"w":0.3032604455947876},"size":0.8660253882408142,"orthographic":false}